Sr.no,Brand,Model Name,Price,Item Weight (kg),Color Options,Wheels,Energy Consumption (Kwh/yr),Load Weight,Height,Width,Gross Weight,Type,Product Warranty,Motor Warranty,Child Lock,Noise Level (washing) dB,Noise Level (spinning) dB,Max Spin Speed (rpm),Water Consumption (KWh/yr),Water Consumption (Liters),Loading Type
1,Haier,HWM58-020,10390,"64,14",White,,438,"5,8","88,2",50,32,Fully Automatic,2,5,Yes,53,70,1000,18250,0,Top
2,Bosch,WAK24168IN,30837,"158,73",Silver,,"361,35",7,85,60,0,Fully Automatic,2,10,Yes,55,67,1200,0,47,Front
3,LG,T72CMG22P,19190,"77,16","Marine Blue, Cool Grey",,??,"6,2",85,54,0,Fully Automatic,2,0,Yes,??,??,800,0,0,Top
4,Onida ,WS65WLPT1LR ,5200,"31,07",Lava Red,,??,"6,5",89,49,15, Semi automatic,1,1,No,??,??,740,0,0,Top
5,Bosch,WAB16060IN ,20589,"138,89",White,No,??,6,"84,8",55,67,Fully-automatic,2,10,No,59,,800,0,0,Front
6,Intex ,WMS62TL ,6890,,White & Maroon,Yes,,"6,2",90,"44,5","23,5",semi automatic,2,0,No,,,1320,0,0,Top
7,LG ,P7853R3SA ,11690,,Burgundy,Yes,,"6,8","97,5","79,5",0,semi automatic,2,0,Yes,,,740,0,0,Top
8,LG ,FH0B8NDL22 ,25690,,Blue White,,,6,85,60,0,Fully Automatic,2,10,Yes,,,1000,0,0,Front
9,DMR ,30-1208,3599,,Blue ,,,3,55,40,0,semi automatic,1,0,No,,,0,0,0,Top
10,Godrej,WT600C ,11189,,Skiky Grey,,,6,"90,4",56,0,Fully Automatic,2,0,No,,,700,0,0,Top
11,IFB ,TL-RDW,16190,,Ivory White,,,"6,5",95,57,42,Fully Automatic,2,0,Yes,,,720,0,104,Top
12,Hyundai,HYS72F ,7290,23,Luminous Blue,,,"7,2","97,5",48,0,semi automatic,1,0,No,60,60,1350,0,0,Top
13,Noble Skiodo,80WMVM ,7990,27,White & Grey,Yes,,8,"99,5","80,5",27,semi automatic,2,2,No,,,1350,0,0,Top
14,Bosch ,WAK24268IN ,32820,,Silver/Grey,,,7,85,60,0,Fully Automatic,2,10,Yes,,,1200,"0,99",47,Front
15,Noble Skiodo,7.0 70WSVM,3790,"13,2", Burgundy and Grey,,,7,87,"46,5","13,2",semi automatic,1,1,No,,,1270,0,0,Top
16,Onida ,WO65TSPNEMO-SG,14490,33,Sea Green,,,"6,5","91,8","54,7",33,Fully Automatic,2,0,Yes,62,72,780,0,0,Top
17,Godrej ,WT 620 CFS,13002,,Graphite Grey,,,"6,2","90,4",56,0,Fully Automatic,2,2,No,,,700,0,0,Top
18,Whirlpool ,WM Classic Plus 621S,13600,,Dark Grey,,,"6,2",0,0,0,Fully Automatic,2,0,Yes,,,740,0,0,Top
19,Videocon ,VT55H12,11100,,Dark maroon,,,"5,5",88,56,0,Fully Automatic,1,0,Yes,,,800,0,0,Top
20,Onida ,WOF5508NW,16490,57,White,,,"5,5","84,5","59,7","59,5",Fully Automatic,2,2,Yes,58,76,800,0,9240,Front
21,LG ,T7270TDDL ,15190,,Blue White,,,"6,2",85,54,0,Fully Automatic,2,0,Yes,,,800,0,0,Top
22,IFB,Senorita Aqua SX,30690,,Silver,,,"6,5","87,5","59,8",71,Fully Automatic,4,0,No,,,1000,0,43,Front
23,Intex ,WMS65ST ,7298,,Pink,Yes,,"6,5",92,77,24,semi automatic,2,0,No,,,1320,0,0,Top
24,IFB ,EVA AQUA,22789,66,White,,,6,"87,5","59,8",66,fully Automatic,4,0,Yes,,,800,0,45,Front
25,IFB ,Senator Aqua SX,34564,80,Silver,,,8,"87,5","59,8",80,fully Automatic,4,0,Yes,,,1400,0,60,Front
26,Whirlpool ,360 WORLD SERIES 72H GRAPHITE,24689,33,Graphite,,,"7,2","102,5",54,0,fully Automatic,2,10,Yes,,,740,0,0,Top
27,Godrej ,GWF 650 FC,15999,,Carmine Red,,,"6,5",92,56,0,fully Automatic,2,2,Yes,,,700,0,0,Top
28,IFB ,Elena Aqua VX,23090,66,White,,,6,"87,5","59,8",71,fully Automatic,4,0,Yes,,,800,0,0,Front
29,Panasonic ,NA-W65B3RRB,8490,,Red,Yes,,"6,5",44,76,0,semi automatic,2,0,No,,,0,0,0,Top
30,IFB ,Elite Aqua SX,33490,77,Silver,,,7,"87,5","59,8",77,Fully Automatic,4,0,Yes,,,1200,0,52,Front
31,Whirlpool ,Superb Atom 62I ,9150,21,Dark Grey,Yes,,"6,2","90,5","79,3",0,semi automatic,2,0,No,,,1400,0,0,Top
32,Intex ,WMS76FT ,9290,27,White and Cherry Red,Yes,,"7,6","99,5","80,5",27,semi automatic,1,0,No,60,60,0,0,0,Top
33,Whirlpool ,Whitemagic Premier ,15299,,Grey,,,"6,5",0,0,0,Fully Automatic,1,0,Yes,,,0,0,0,Top
34,LG ,T7070TDDL ,13770,,Blue White,,,6,85,54,0,Fully Automatic,2,0,Yes,,,710,0,0,Top
35,Bosch ,WAB16161IN ,20989,63,White,No,,6,"84,8","59,8",67,Fully Automatic,2,10,No,,,800,0,0,Front
36,LG ,P7556R3FA ,11090,,Dark Blue,,,"6,5","97,5","79,5",0,semi automatic,2,0,No,,,0,0,0,Top
37,LG ,P9032R3SM(BG),13990,,Burgundy,Yes,,8,"97,5","80,5",0,semi automatic,2,0,No,,,1000,0,0,Top
38,LG ,P8539R3SM ,12880,,Dark Grey,,,"7,5","97,5","80,5",0,semi automatic,2,0,No,,,740,0,0,Top
39,Intex,WMS80TG ,9490,,White & Maroon,Yes,,8,97,81,28,semi automatic,2,0,No,60,60,1300,0,0,Top
40,LG ,P8072R3FA ,11885,,Dark Blue,,,7,"97,5","80,5",0,semi automatic,2,0,No,,,740,0,0,Top
41,Onida ,WO60TSPLNEMO,9990,27,Lava Red,No,,6,90,52,0,Fully Automatic,2,0,No,62,72,770,0,0,Top
42,Electrolux ,ES72USMR ,10000,"28,5",maroon Red,,,"7,2",96,78,"28,5",semi automatic,2,2,No,,,1350,0,0,Top
43,Whirlpool ,Ace 7.0 Turbo Dry,11290,,Flora Purple,Yes,,7,"48,5","95,7",0,semi automatic,2,2,No,,,1450,0,0,Top
44,Godrej ,GWS6203PPD ,9090,,Blue & White,No,,"6,2","90,5",76,0,semi automatic,2,5,No,,,650,0,0,Top
45,Panasonic ,NA-F62B5HRB,14392,,Grey,,,"6,2","89,4",52,0,Fully Automatic,2,0,Yes,,,720,0,99,Top
46,LG ,P1515R3SA ,17500,,Burgundy,Yes,,"9,5","102,5",88,0,semi automatic,2,0,Yes,,,740,0,0,Top
47,IFB ,TL-SDG,20799,38,Sparkling Silver,,,7,95,57,45,Fully Automatic,2,0,Yes,,,720,0,118,Top
48,Bosch,WAK20060IN ,23490,,White,,,7,85,60,0,Fully Automatic,2,10,No,54,74,1000,0,47,Front
49,Whirlpool,Stainwash Deep Clean 65,18490,,Grey,,,"6,5",0,0,0,Fully Automatic,2,10,Yes,,,0,0,0,Top
50,Whirlpool ,Ace 7.0 Super Soak,10950,30,Coral Purple,Yes,,7,"95,6","48,5",0,semi automatic,2,0,No,,,1450,0,0,Top
51,LG ,FH0B8NDL25 ,30190,,Luxury Silver,,,6,0,0,0,Fully Automatic,1,0,Yes,,,1000,0,0,Front
52,Whirlpool ,Superb Atom 60I,8900,21,Tulip Pink,Yes,,6,"90,5","79,3",0,semi automatic,2,0,No,,,1400,0,0,Top
53,Whirlpool ,6212SD Whitemagic Royale,16700,,Grey Chrome,,,"6,2",0,0,0,Fully Automatic,2,10,Yes,,,740,0,0,Top
54,Godrej,WS 800 PD,13169,,Rose Sprinkle,No,,8,90,86,0,semi automatic,2,5,No,,,650,0,0,Top
55,LG ,T7567TEELH ,20550,,Middle Free Silver,,,"6,5",89,54,0,Fully Automatic,2,0,Yes,,,710,0,0,Top
56,LG ,T7567TEEL3 ,21000,,Dark Red,,,"6,5",89,54,0,Fully Automatic,1,0,Yes,,,710,0,0,Top
57,Videocon ,VS60B11 Typhoon Plus,8485,,Dark maroon,,,6,89,78,0,semi automatic,1,0,No,,,710,0,0,Top
58,LG ,FH296HDL24 ,36600,,Luxury Silver,,,7,0,0,0,Fully Automatic,0,10,Yes,,,1200,0,0,Front
59,Whirlpool ,SW Ultra UL 65H,22320,,Pearl Wine,,,"6,5",0,0,0,Fully Automatic,2,10,Yes,,,740,0,0,Top
60,Godrej ,GWS 6502 PPC ,10999,,Red,,,"6,5",96,73,0,semi automatic,2,0,No,,,800,0,0,Top
61,Intex ,WM65 ,4499,,White & Maroon,,,"6,5",84,48,15,semi automatic,0,0,No,60,60,0,0,0,Top
62,Haier,XPB 72-713S,9797,35,White,,621,"7,2","47,5","78,6",35,semi automatic,4,0,No,53,70,740,0,621,Top
63,Haier ,HTW80-185VA,10624,,Grey,,,"7,8",0,0,0,semi automatic,2,0,No,,,0,0,0,Top
64,LG ,T8067TEELR ,25290,,Free Silver,No,,7,89,54,0,Fully Automatic,2,0,Yes,,,0,0,0,Top
65,Whirlpool ,Classic 622SD ,17800,,Wine Chrome,,,"6,2",0,0,0,Fully Automatic,2,0,Yes,,,0,0,0,Top
66,Onida ,68SSC,9999,23,Lava Red,No,,"6,8","98,4","78,2",23,semi automatic,2,0,No,,,1480,0,0,Top
67,Intex ,WMA62,11800,24,Light Grey & Sky Blue,,,6,87,"50,5",28,Fully Automatic,2,0,Yes,,,0,0,0,Top
68,LG ,F12B8EDP21 ,40990,,Blue White,,,"7,5",0,0,0,Fully Automatic,0,0,Yes,,,1200,0,0,Front
69,Electrolux ,Euro Glitz,8899,21,Luminous Pink,,,"6,7",94,77,25,semi automatic,2,2,No,,,1000,0,0,Top
70,Samsung ,WA62H4200HB,18590,31,Light Grey ,,??,"6,2","98,2",54,37,Fully Automatic,2,0,Yes,??,??,700,0,0,Top
71,Intex ,WM75ST ,4900,,White & Maroon,,,"7,5",96,"51,5",15,semi automatic,2,0,No,60,60,0,0,0,Top
72,Samsung ,WA80E5XEC ,14390,,White,,,6,0,0,0,Fully Automatic,2,0,No,,,680,0,0,Top
73,Whirlpool ,ACE 8.0 Supersoak,12599,,Blue ,No,,8,"50,7","95,6",0,semi automatic,2,0,No,,,1450,0,0,Top
74,Electrolux ,ET70ENERM ,15685,,Mystic Rose,,,7,0,0,0,Fully Automatic,2,0,Yes,,,850,0,0,Top
75,IFB ,Senorita Smart,35490,71,White,,"339,45","6,5",88,"67,5",71,Fully Automatic,4,0,No,??,??,1000,0,43,Front
76,Sansui,WM SS60AS-CMA,7090,24,Maroon,Yes,,6,91,82,0,semi automatic,2,0,No,60,60,1400,0,0,Top
77,Onida,WO60TSPLN1,12199,,Grey,,,"5,8",90,52,0,Fully Automatic,2,0,No,,,780,0,0,Top
78,Videocon,VS72H12,10099,,Dark maroon,,,"7,2",0,0,0,semi automatic,1,0,No,,,740,0,0,Top
79,Samsung,WT657QPNDPG,12100,29,White & Maroon,Yes,,"6,5",99,"85,5",29,semi automatic,0,0,No,,,0,0,0,Top
80,LG,F1496TDP24,47390,,Luxury Silver,,,8,85,60,0,Fully Automatic,2,0,No,,,1400,0,0,Front
81,Whirlpool, Clean 62-Grey 10YMW,17690,,Grey,,,"6,2",0,0,0,Fully Automatic,2,10,Yes,,,0,0,0,Top
82,Whirlpool,ATOM62S,9027,,Ruby,,,"6,2",0,0,0,semi automatic,2,2,No,,,1400,0,0,Top
83,Bosch,WAK20165IN,29899,76,White,No,,"6,5",85,60,76,Fully Automatic,2,10,No,,,1000,0,0,Front
84,LG,P9562R3S,13900,,Dark Grey,,,"8,5",0,0,0,semi automatic,2,0,No,,,740,0,0,Top
85,Bosch,WAT24165IN,37795,,White,,,"7,5","84,8","63,2",77,Fully Automatic,2,10,No,,,1200,0,60,Front
86,Whirlpool,360 WRD SR WS 80H,28429,,Graphite,,,8,0,0,0,Fully Automatic,2,10,Yes,,,740,0,0,Top
87,Samsung,WA65K4020HP/TL,22700,31,Scarlet Red,,,"6,5","98,2",54,0,Fully Automatic,3,10,Yes,,,0,0,0,Top
88,Panasonic,NA-W80H2ARB,13640,30,Blue & Red,No,,8,97,82,0,semi automatic,2,0,No,,,1300,0,0,Top
89,Samsung,WA60H4100HY/TL,14290,"30,5",Light Grey ,,,6,"98,8","57,2",34,Fully Automatic,2,0,Yes,,,650,0,0,Top
90,DMR,46-1298S,6499,,Blue ,,,"4,6",74,66,0,semi automatic,1,0,No,,,240,0,0,Top
91,Sansui,SS72FR-SA,8450,"28,5",Dark maroon,,,"7,2",102,81,0,semi automatic,2,0,No,,,1300,0,0,Top
92,Haier,HSW72-588A,20690,,Silver Grey,,,"7,2",54,52,0,Fully Automatic,2,8,Yes,,,0,54,0,Top
93,Godrej,GWS7002PPC,11990,,Red,No,,7,96,"80,5",0,semi automatic,2,0,No,,,740,0,0,Top
94,Electrolux,ET65EAUDG,17000,,Grey,,,"6,5",0,0,0,Fully Automatic,2,0,Yes,,,1000,0,0,Top
95,Videocon,VS72H13 Gracia Exe,9800,,Dark maroon,Yes,,"7,2",96,78,0,semi automatic,1,0,No,,,800,0,0,Top
96,Videocon,VS60A11 Storm,8150,,Dark Grey,Yes,,6,89,78,0,semi automatic,1,0,No,,,740,0,0,Top
97,Haier,XPB62-187Q,7999,19,Aqua Blue,,,"6,2",44,75,19,semi automatic,1,4,No,53,70,1000,0,0,Top
98,IFB,TL80SDG,30990,44,Sparkling Silver,,,8,104,63,44,Fully Automatic,2,0,Yes,,,720,0,133,Top
99,Samsung,WA70H4000HP/TL,23600,,Scarlet Red,,,7,"105,7","58,2",37,Fully Automatic,1,0,Yes,,,800,0,0,Top
100,Panasonic,NA-F65B5HRB,17840,30,Grey,,,"6,5","92,9","52,5",0,Fully Automatic,2,10,No,,,720,0,0,Top
101,LG,F10B8EDP2,40690,,White,,,"7,5",85,60,0,Fully Automatic,2,0,Yes,,,1000,0,0,Front
102,IFB,TLSDG,26990,54,Graphite Grey,,,"9,5",111,68,54,Fully Automatic,2,0,Yes,,,720,0,148,Top
103,Siemens,WM12K268IN,32999,,Silver,,,7,0,0,0,Fully Automatic,2,0,No,,,1200,0,0,Front
104,Onida,WO70TSPLST1,17499,,Grey,,,7,0,0,0,Fully Automatic,2,0,No,,,780,0,0,Top
105,Whirlpool,Ace 8.0 Turbodry,12599,30,Blue ,No,,8,0,0,0,semi automatic,2,0,No,,,1450,0,0,Top
106,Bosch,WAX 16161IN,29999,,White,,,6,85,60,0,Fully Automatic,2,0,Yes,,,800,0,55,Front
107,Samsung,WA62H4200HY/TL,18790,37,Light Grey ,,,"6,2","103,7","58,2",37,Fully Automatic,2,0,Yes,,,800,0,0,Top
108,Whirlpool,6512SD Whitemagic,17960,,Wine Chrome,,,"6,5",0,0,0,Fully Automatic,2,10,Yes,,,740,0,0,Top
109,Midea,MWMFL060CPR,20990,,White,,,6,85,"59,5",0,Fully Automatic,5,0,Yes,59,74,1000,0,0,Front
110,Samsung,WA65K4000HD/TL,21390,31,Sparkling Edged Brown and Imperial Silver,,,"6,5","98,2",54,0,Fully Automatic,3,10,Yes,,,0,0,0,Top
111,Siemens,WM10K160IN,33500,71,White,,,7,85,60,0,Fully Automatic,2,0,No,54,74,1000,0,0,Front
112,Whirlpool,Stainwash Deep Clean 80,26050,,Graphite,,,8,0,0,0,Fully Automatic,1,9,No,,,740,0,0,Top
113,Whirlpool,Ace 8.2 Stainfree,13100,30,Flora Red,Yes,,"8,2","50,7","95,6",0,semi automatic,2,0,No,,,1400,0,0,Top
114,LG,F1496TDP23,37200,75,White,,,8,85,60,0,Fully Automatic,2,0,Yes,,,1400,0,0,Front
115,Whirlpool,622SD Whitemagic Premier,17800,,Wine Chrome,,,"6,2",0,0,0,Fully Automatic,2,10,No,,,740,0,0,Top
116,Whirlpool,Superb Atom 65S,9900,,Ruby,No,,"6,5","90,5","79,3",0,semi automatic,2,2,No,,,600,0,0,Top
117,LONIK,LTPL4060,4798,,Red & Black ,,,"4,6",66,45,9,semi automatic,1,0,No,,,1400,0,0,Top
118,Bosch,WAX20168IN,32200,,Silver,,,6,0,0,0,fully Automatic,2,0,No,55,67,1000,0,55,Front
119,Lloyd,LWMF70,23990,,White,,,7,"88,5",65,0,fully Automatic,1,0,No,65,76,1000,0,7,Front
120,Samsung,WF600B0BTWQ/TL,25490,54,White,,,6,85,60,0,fully Automatic,2,10,No,,,1000,0,0,Front
121,IFB,Elite Plus VX,33089,77,White,,,"7,5",88,"67,5",77,fully Automatic,4,0,No,,,1200,0,52,Front
122,Godrej,GWS6204PPD,9410,,Wine Red,,,"6,2","90,5",76,0,semi automatic,2,0,No,,,0,0,0,Top
123,Samsung,WA62K4200HB/TL,18290,31, Sparkling Caribbean Blue and light grey,,,"6,2","98,2",54,0,Fully Automatic,3,10,Yes,,,0,0,0,Top
124,Samsung,WF652U2BHWQ/TL,33150,,White,,,"6,5",0,0,0,Fully Automatic,2,0,No,,,1200,0,0,Front
125,Onida,WO62TSPLDD1LR,13899,,Lava Red,,,"6,2",0,0,0,Fully Automatic,0,0,Yes,,,780,0,0,Top
126,Haier,HW60-1279,22649,,White,,,6,0,0,0,Fully Automatic,2,0,No,,,1200,0,0,Front
127,Samsung,WF600B0BHWQ,27000,54,White,,,6,85,60,0,Fully Automatic,2,0,No,,,1000,0,0,Front
128,Samsung,WF602B2BHSD/TL,30500,,White,,,6,0,0,0,Fully Automatic,10,0,No,,,1200,0,0,Front
129,Bosch,WAT24168IN,42077,,Silver,,,8,"84,8","63,2",77,Fully Automatic,2,10,No,,,1200,0,60,Front
130,Samsung,WT62H2200HV/TL,8585,,White,,,"6,2",0,0,0,semi automatic,0,0,No,,,740,0,0,Top
131,Panasonic,NA-F70H6FRB,24899,31,Flower Pattern,,,7,"96,9","52,5",35,Fully Automatic,1,0,Yes,,,0,0,0,Top
132,Samsung,WT727QPNDMW,12600,29,Grey & Red,Yes,,"7,2",0,0,0,semi automatic,2,0,No,,,0,0,0,Top
133,Haier,HWM60-918NZP,14999,,White,,,6,0,0,0,Fully Automatic,2,0,No,,,1200,0,0,Top
134,Videocon,VT70G12,15595,,Dark maroon,,,7,0,0,0,Fully Automatic,0,0,Yes,,,740,0,0,Top
135,Videocon,WM VS75Z13-DMA,10049,,Dark maroon,,,"7,5",0,0,0,semi automatic,1,0,No,,,740,0,0,Top
136,Haier,HWM 60-10,13399,30,White,,,6,"88,2",50,30,Fully Automatic,1,3,No,53,53,1000,0,439,Top
137,LG,P8837R3SM,13950,,Dark Blue,Yes,,"7,8","97,5","80,5",0,semi automatic,2,0,No,,,740,0,0,Top
138,LG,T7567TEELK,23090,,Black Knight,,,"6,5",0,0,0,Fully Automatic,2,0,Yes,,,0,0,0,Top
139,IFB,Serena VX,29500,71,White,,,7,"87,5","59,8",0,Fully Automatic,4,0,No,,,1000,0,80,Front
140,Videocon,VS60A12,8100,,Dark maroon,,,6,89,78,0,semi automatic,2,0,No,,,0,0,0,Top
141,Samsung,WF602U0BHSD/TL,32540,,Silver,,,6,89,"66,2",60,Fully Automatic,0,10,Yes,,,1000,0,0,Front
142,Whirlpool,Ace 8.5 Turbodry,13305,,Coral Red,Yes,,"8,5",0,0,0,semi automatic,2,0,No,,,1450,0,0,Top
143,Haier,XPB76-113S,10400,,Pink & White,,,"7,6",0,0,0,semi automatic,5,0,No,,,740,0,0,Top
144,LG,T8067TEELK,23500,,Black Knight,,,7,89,54,0,Fully Automatic,2,10,Yes,,,710,0,0,Top
145,Videocon,WM VS85P18-RPK,11800,,Royal Purple,,,"8,5",0,0,0,semi automatic,0,0,No,,,0,0,0,Top
146,Samsung,WA90J5730SS/TL,32500,,Silver,,,9,0,0,0,Fully Automatic,2,10,No,,,700,0,0,Top
147,Samsung,WT1007AG,13648,,Light Grey ,,,8,102,82,0,semi automatic,2,0,No,,,0,0,0,Top
148,Kelvinator,KS7052DM-FAU,8399,,Maroon,Yes,,7,0,0,0,semi automatic,2,2,No,,,700,0,0,Top
149,IFB,Eva Aqua VX,22789,66,White,,,"5,5","87,5","59,8",69,Fully Automatic,4,0,Yes,,,800,0,45,Front
150,Videocon,VT62G13 Digi Pearl Dlx,14105,,Glossy White,,,"6,2","93,5",56,0,Fully Automatic,0,0,Yes,,,800,0,0,Top
151,Samsung,WA62K4200HY/TL,18740,31,Sparkling Gray and Light Grey,,,"6,2","98,2",54,0,Fully Automatic,3,10,Yes,,,0,0,0,Top
152,Videocon,WM VT70G12-GWA,16500,,Dark maroon,,,7,0,0,0,Fully Automatic,0,0,Yes,,,0,0,0,Top
153,Videocon,VS76P13,12990,,Dark Grey,,,"7,6",0,0,0,semi automatic,1,0,No,,,0,0,0,Top
154,Samsung,WA62H4000HD/TL,19790,37,Light Grey ,,,"6,2","103,7","58,2",37,Fully Automatic,2,0,Yes,,,680,0,0,Top
155,Videocon,VS80P15,10600,,Royal Purple,,,8,0,0,0,semi automatic,1,0,No,,,800,0,0,Top
156,Samsung,WA62H3H3QRB/TL,14850,,Grey,,,"6,2",0,0,0,Fully Automatic,0,0,No,,,680,0,0,Top
157,LG,P8540R3FM(DB),13200,,Dark Blue,Yes,,"7,5","97,5","80,5",0,semi automatic,2,0,No,,,740,0,0,Top
158,IFB,Senorita Plus VX,33000,71,White,,,"6,5",88,"67,5",71,Fully Automatic,4,0,No,,,1000,0,43,Front
159,Samsung,WA65H3H5QRP,16494,,Silver Body and Wine Top,,,"6,5",0,0,0,Fully Automatic,0,0,No,,,680,0,0,Top
160,Samsung,WA70K4400HA,24890,37,Inox,,,7,"105,7","58,2",37,Fully Automatic,3,10,Yes,,,0,0,0,Top
161,Samsung,WA62K4000HD/TL,20140,31,Sparkling Edged Brown,,,"6,2","98,2",54,31,Fully Automatic,3,10,Yes,,,0,0,0,Top
162,LG,T8077TEELK,26400,,Black Knight,,,7,0,0,0,Fully Automatic,0,0,No,,,0,0,0,Top
163,LG,F8091NDL2,25900,,White,,,6,0,0,0,Fully Automatic,2,10,No,,,800,0,0,Front
164,Whirlpool,Ace 6.5 Supreme Plus,10809,,Corel Red,,,"6,5",0,0,0,semi automatic,2,0,No,,,1400,0,0,Top
165,IFB,TL75RCH,24000,45,Champagne Gold,,,"7,5",104,63,0,Fully Automatic,2,0,No,,,720,0,116,Top
166,Godrej,GWS 8002 PPC,13121,,Dew Red,Yes,,8,"103,6",83,0,semi automatic,2,5,No,,,650,0,0,Top
167,Kelvinator,KT6521PF-FAU,13499,,Pink Fusion,,,"6,5",0,0,0,Fully Automatic,2,2,No,,,850,0,0,Top
168,IFB,Senator Smart,48980,,White,,,7,0,0,0,Fully Automatic,4,0,No,,,1200,0,52,Front
169,LG,F10B8NDL2,35290,,Blue White,,,6,0,0,0,Fully Automatic,2,0,No,,,1000,0,0,Front
170,Godrej,GWS 7502 PPI,13500,26,Red,Yes,,"7,5",95,"82,3",0,semi automatic,2,5,No,,,740,0,0,Top
171,Godrej,WT EON 651 PFD,22700,,Metallic Red,,,"6,5","95,5","54,5",0,Fully Automatic,2,0,No,,,650,0,0,Top
172,LG,T7208TDDLH,17300,,Middle Free Silver,No,,"6,2",0,0,0,Fully Automatic,2,8,No,,,710,0,0,Top
173,IFB,TLSDG,26990,54,Graphite Grey,,,"9,5",111,68,54,Fully Automatic,2,0,Yes,,,720,0,148,Top
174,Panasonic,NA-W68B2HRB,10890,,Grey,,,"6,8",0,0,0,semi automatic,2,0,No,,,0,0,0,Top
175,Godrej,WT 620 CFS,13351,,Graphite Grey,,,"6,2",0,0,0,Fully Automatic,0,0,No,,,0,0,0,Top
176,Videocon,VT70G12,15595,,Dark maroon,,,7,0,0,0,Fully Automatic,0,0,Yes,,,740,0,0,Top
177,Onida,WO62TSPLDD1LR,13899,,Lava Red,,,"6,2",0,0,0,Fully Automatic,0,0,Yes,,,780,0,0,Top
178,Haier,HW55-1010ME,21000,,Silver,,,"5,5",0,0,0,Fully Automatic,5,0,No,,,1000,0,410,Front
179,LG,T8067TEELK,23500,,Black Knight,,,7,89,54,0,Fully Automatic,2,10,Yes,,,710,0,0,Top
180,Electrolux,EF60ERWH,15990,,White,,,6,"84,5","59,5",0,Fully Automatic,2,0,Yes,,,800,0,0,Front
181,Samsung,WA65H4200HA/TL,20100,,Light Grey ,,,"6,5","103,7","58,2",37,Fully Automatic,2,0,No,,,700,0,0,Top
182,Godrej,WT650CF,16563,,Carmine Red,,,"6,5",0,0,0,Fully Automatic,2,0,No,,,700,0,0,Top
183,Videocon,VS90P19,11900,,Royal Blue,,,9,0,0,0,semi automatic,1,0,No,,,1400,0,0,Top
184,Samsung,WA90J5730SS/TL,32500,,Silver,,,9,0,0,0,Fully Automatic,2,10,No,,,700,0,0,Top
185,Videocon,VT60H12,13900,,Royal Grey,,,6,88,56,0,Fully Automatic,1,0,Yes,,,800,0,0,Top
186,LG,T7508TEDLL,18850,,Cool Grey,,,"6,5",0,0,0,Fully Automatic,0,0,No,,,700,0,0,Top
187,Videocon,VT65E12,13950,,Royal Grey,,,"6,5",0,0,0,Fully Automatic,0,0,Yes,,,800,0,0,Top
188,Panasonic,NAF 80 A1 W01,27290,,White,,,8,"101,5","59,5",0,Fully Automatic,2,10,Yes,,,0,0,0,Top
189,Siemens,WM10K260IN,35183,,White,,,7,0,0,0,Fully Automatic,2,0,No,,,1000,"0,99",0,Front
190,Godrej,WS Edge 680 CT,11700,,Wine Red,,,"6,8","97,5",82,0,semi automatic,2,5,No,,,0,0,0,Top
191,IFB,Elite Aqua SXR,37990,,Red,,,7,0,0,0,Fully Automatic,4,0,Yes,,,1200,0,52,Front
192,Videocon,WM VS80P14-DMK,12500,,Dark maroon,,,8,0,0,0,semi automatic,1,0,No,,,0,0,0,Top
193,Bosch,WAT24460IN,40000,,White,,,8,85,60,0,Fully Automatic,2,10,No,54,74,1200,0,55,Front
194,Godrej,F10E3NDL25,30500,,Luxury Silver,,,6,0,0,0,Fully Automatic,2,0,No,,,1000,0,0,Front
195,IFB,Elite Aqua SXM,37990,,Metallic Silver,,,7,0,0,0,Fully Automatic,4,0,Yes,,,1200,0,52,Front
196,Samsung,WT705QPNDMPXTL,12350,29,Grey & purple,Yes,,7,0,0,0,semi automatic,2,0,No,,,0,0,0,Top
197,LG,F1296ADP23,52990,,Blue White,,,8,0,0,0,Fully Automatic,0,10,No,,,1200,0,0,Front
198,Lloyd,LWMS65L,7400,,White,Yes,,"6,5",88,74,0,semi automatic,2,0,No,,,1600,0,0,Top
199,Haier,XPB 62-187S,10790,,Blue ,Yes,,"6,2",0,0,0,semi automatic,5,0,No,,,800,0,0,Top
200,LG,F14A8RDS29,88490,,Apple Red,,,9,0,0,0,Fully Automatic,0,10,No,,,800,0,0,Front
201,Samsung,WT9505EG/TL,13735,,White,,,"7,5",0,0,0,semi automatic,2,0,No,,,680,0,0,Top
202,Samsung,WA65H4000HA/TL,20900,31,Imperial Silver,,,"6,5","103,7","58,2",37,Fully Automatic,2,0,Yes,,,680,0,0,Top
203,LG,F1091NDL2,30990,,Blue White,,,6,0,0,0,Fully Automatic,2,0,No,,,1000,0,0,Front
204,Whirlpool,Ace 7.5 Turbo Dry Purpul,12976,,Peppy Purple,,,"7,5",0,0,0,semi automatic,2,2,No,,,1450,0,0,Top
205,IFB,AW60-205S,16490,,White & Blue,,,6,0,0,0,Fully Automatic,2,0,No,,,800,0,0,Top
206,Samsung,WA65H4300HA/TL,19440,,Light Grey and Sparkling Black,,,"6,5",0,0,0,Fully Automatic,10,0,No,,,700,0,0,Top
207,Whirlpool,Sparkle 65 Buzz,10000,,Grey,,,"6,5",0,0,0,semi automatic,2,0,No,,,1400,0,0,Top
208,Samsung,WT655QPNDRP/XTL,11190,29,White & Purple,,,"6,5","93,5",80,0,semi automatic,2,0,No,,,1400,0,0,Top
209,LG,F1255RDS27,134990,,,,,17,0,0,0,Fully Automatic,2,0,Yes,,,1200,0,0,Front
210,Samsung,WF652U2SHSD,34800,60,Silver,,,"6,5",85,60,0,Fully Automatic,3,10,Yes,,,1200,0,0,Front
211,Samsung,WT62H2210HV/TL,10300,24,Grey,Yes,,"6,2","101,5","79,2",24,semi automatic,2,0,No,,,650,0,0,Top
212,Samsung,WA70H4010HP/TL,23000,37,Scarlet Red,,,7,"105,7","58,2",37,Fully Automatic,0,0,Yes,,,800,0,0,Top
213,IFB,Elite Aqua SXG,37990,,Gold,,,7,0,0,0,Fully Automatic,4,0,Yes,,,1200,0,52,Front
214,LG,FH4U1JBSK4,57637,,Luxury Silver,,,"10,5",0,0,0,Fully Automatic,2,10,No,,,1200,0,0,Front
215,Lloyd,LWMT75TG,16000,,White,,,"7,5",0,0,0,Fully Automatic,0,0,No,,,700,0,0,Top
216,Whirlpool,Ace 8.2 Royale Coral red,13625,29,Corel Red,Yes,,"8,2","95,6","50,7",0,semi automatic,2,0,No,,,1400,0,0,Top
217,Haier,XPB68-114D(Black),8999,,Black,,,"6,8",0,0,0,semi automatic,5,0,No,,,800,0,0,Top
218,Samsung,WT707QPNDMWXTL,12600,29,Grey & Red,Yes,,7,"93,5",80,29,semi automatic,2,0,No,,,740,0,0,Top
219,LG,F7091MDL2,25990,,White,,,"5,5",0,0,0,Fully Automatic,2,0,Yes,,,700,0,0,Front
220,Siemens,WM08X161IN,24800,,White,,,6,0,0,0,Fully Automatic,2,0,Yes,52,65,800,0,0,Front
221,LG,T7008TDDLP,17090,,Cool Grey,,,6,0,0,0,Fully Automatic,0,0,No,,,800,0,0,Top
222,IFB,Senator Smart Touch,58980,"81,5",Silver,,,8,88,"67,5","81,5",Fully Automatic,4,0,Yes,,,1400,0,55,Front
223,LG,T7201TDDLD,15290,,Cool Grey and Burgundy,,,"6,2",0,0,0,Fully Automatic,2,0,No,,,0,0,0,Top
224,Electrolux,ET70ENPRM,15800,,Maroon,,,7,0,0,0,Fully Automatic,2,0,Yes,,,0,0,0,Top
225,Haier,XPB82-187S,12990,,Aqua Blue,,,"8,2",0,0,0,semi automatic,5,0,Yes,,,800,0,0,Top
226,Godrej,WS 800 PDS,14348,,Lilac Sprinkle,,,8,0,0,0,semi automatic,2,5,No,,,0,0,0,Top
227,Whirlpool,AG POWER WASH 7212SD-BLACK,23100,,Black,,,"7,2",0,0,0,Fully Automatic,2,2,Yes,,,740,0,0,Top
228,Godrej,WS Edge Pro 750CS,13099,,Wine Red,,,"7,5",0,0,0,semi automatic,2,5,No,,,0,0,0,Top
229,LG,P8237R3S,12690,,Mauve,,,"7,2","97,5","80,5",0,semi automatic,2,0,No,,,740,0,0,Top
230,Samsung,WW12H8420EX/TL,73197,,Inox Grey,,,12,"88,4","66,6",78,Fully Automatic,2,0,Yes,,,1400,0,0,Front
231,Samsung,WD12J8420GX,105140,,Inox Body,,,12,0,0,0,Fully Automatic,2,10,No,,,0,0,0,Front
232,Electrolux,ET62ESPRM,13000,,Mystic Rose,,,"6,2",0,0,0,Fully Automatic,2,0,Yes,,,0,0,0,Top
233,LG,FH0B8WDL24,37580,,Silver,,,"6,5",0,0,0,Fully Automatic,2,10,Yes,,,1000,0,0,Front
234,Godrej,SAWM GWS-6502 PPC,12277,,Corel Pink,Yes,,"6,5",0,0,0,semi automatic,2,5,No,,,800,0,0,Top
235,Videocon,VS73J22 Quanta+,9490,,Dark maroon,,,"7,3",0,0,0,semi automatic,1,0,No,,,0,0,0,Top
236,Kelvinator,KS60VAGL-DNB,7699,,Grey Light,,,6,0,0,0,semi automatic,1,2,No,,,1320,0,0,Top
237,Whirlpool,Classic 622PD,14173,28,DUET GREY,,,"6,2",0,0,0,Fully Automatic,2,0,Yes,,,0,0,0,Top
238,LG,WF-T7519PR,21590,,Mystic Red and Free Silver,,,"6,5",89,54,0,Fully Automatic,2,0,Yes,,,0,0,0,Top
239,Godrej,GWS6801PPL,11700,,White & Blue,Yes,,"6,8","94,5","74,6",0,semi automatic,2,0,No,,,0,0,0,Top
240,Electrolux,Euro Glitz Plus,9299,25,Luminous Orange,,,"6,8",94,77,25,semi automatic,2,0,No,,,1000,0,0,Top
241,Haier,HWM70-918NZP,16999,,Grey,,,7,0,0,0,Fully Automatic,5,0,No,,,1200,0,430,Top
242,LG,T7001TDDLC,14290,,Grey and Slate,,,6,85,54,0,Fully Automatic,2,0,No,,,0,0,0,Top
243,LG,T9003TEELK,29150,,Black Knight,,,8,96,59,0,Fully Automatic,2,0,Yes,,,710,0,0,Top
244,Whirlpool,Ace 7.2 Royale,13050,19,Peppy Purple,Yes,,"7,2","95,6","50,7",0,semi automatic,2,0,No,,,1400,0,0,Top
245,Samsung,WA90J5710SG,28830,,Silver,,,9,0,0,0,Fully Automatic,3,10,No,,,0,0,0,Top
246,IFB,AW60-205T,17500,36,White & Blue,,,6,97,57,36,Fully Automatic,2,0,No,,,800,0,0,Top
247,Videocon,WM VT80C41-CBL,21550,,Choco Brown,,,8,0,0,0,Fully Automatic,10,0,No,,,0,0,0,Top
248,Panasonic,NA-F70B5HRB,18987,,Grey,,,"6,5",0,0,0,Fully Automatic,10,0,No,,,740,0,0,Top
249,Godrej,WS Edge 720 CT,12950,,Excel Grey,,,"7,2",0,0,0,semi automatic,2,5,No,,,0,0,0,Top
250,LG,T80FRF21P,24590,,Free Silver,,,7,89,54,0,Fully Automatic,2,0,Yes,,,800,0,0,Top
251,LG,T9003TEELR,28540,,Free Silver,,,8,96,59,,Fully Automatic,2,0,Yes,,,800,0,0,Top
252,LG,F80E3NDL2,30790,,White,,,6,0,0,0,Fully Automatic,0,0,No,,,800,0,0,Front
253,Videocon,VS72H12 Gracia Plus,9800,,Breeze Blue,,,"7,2",0,0,0,semi automatic,1,0,No,,,0,0,0,Top
254,LG,T8067TEEL3,24699,,Silver,,,7,0,0,0,Fully Automatic,0,0,No,,,710,0,0,Top
255,LG,T7508TEDLH,21490,,Silver,,,"6,5",0,0,0,Fully Automatic,0,0,No,,,710,0,0,Top
256,Haier,XPB62-187P,8999,,Pink,,,"6,2",0,0,0,semi automatic,5,0,No,,,0,0,0,Top
257,Bosch,WAT24167IN,38400,,Silver,,,"7,5",0,0,0,Fully Automatic,2,10,No,,,1200,0,60,Front
258,Videocon,WM VT75C45-LGY,22055,,,,,"7,5",0,0,0,Fully Automatic,10,0,Yes,,,0,0,0,Top
259,Samsung,WT62H2510HP,10400,,Grey,Yes,,"6,2",0,0,0,semi automatic,2,0,No,,,0,0,0,Top
260,Bosch ,WAK20167IN ,28 499,,Silver,,,"6,5",0,0,0,Fully Automatic,2,10,No,,,0,0,0,Front
261,LG ,FH0B8QDL25 ,35 300,,Luxury Silver,,,7,85,60,0,Fully Automatic,10,0,No,,,1000,0,0,Front
262,Panasonic ,NA-W70B2HRB,11 390,,Grey,,,7,0,0,0,semi automatic,2,0,No,,,720,0,0,Top
263,Samsung ,WA82E5XEC and TL,14 917,,Light Grey Body and Light Savoy Blue Top,,,"6,2",0,0,0,Fully Automatic,0,0,No,,,680,0,0,Top
264,Kelvinator ,KS7253DM ,10 450,,Marron,Yes,,"7,2","97,5",79,0,semi automatic,2,2,No,,,700,0,0,Top
265,Midea ,MWMTL065MWO ,15 990,,Grey,,,"6,5",92,"51,5",0,Fully Automatic,5,0,Yes,62,72,700,0,0,Top
266,Lloyd,LWMS78L,10 500,,White,,,"7,8",0,0,0,semi automatic,0,0,No,,,0,0,0,Top
267,Midea ,MWMSA065M02 ,7 490,,White and Grey,,,"6,5",0,0,0,semi automatic,2,0,No,62,72,1000,0,0,Top
268,LG ,T70CPD22P ,16 890,,Cool Grey,,,6,85,54,0,Fully Automatic,2,0,Yes,,,0,0,0,Top
269,Bosch ,WAE 20060IN,30 500,65,White,,,7,"84,5",60,0,Fully Automatic,2,0,No,56,73,1000,0,0,Front
270,Samsung ,WA65H4020HL ,22 600,,Lily Pattern Blue,,,"6,5",0,0,0,Fully Automatic,2,0,No,,,0,0,0,Top
271,LG ,FH8B8NDL22 ,26 480,,Blue White,,,6,85,60,0,Fully Automatic,10,0,No,,,800,0,0,Front
272,Samsung ,WA65K4400HA/TL,23 900,,Inox,,,"6,5",0,0,0,Fully Automatic,3,10,No,,,0,0,0,Top
273,Panasonic ,NA-W70B2RRB,11 490,,Maroon,,,7,96,78,0,semi automatic,2,0,No,,,0,0,0,Top
274,Kelvinator ,KS7315DM ,10 690,,Dark maroon,,,"7,3",0,0,0,Fully Automatic,1,0,No,,,0,0,0,Top
275,LG ,FH0B8EDL21 ,35 630,,Blue White,,,"7,5",85,60,0,Fully Automatic,10,0,No,,,1000,0,0,Front
276,LG ,FH4U1JBHK6N ,83 690,,Stainless Silver,,,"10,5",0,0,0,Fully Automatic,10,0,No,,,1400,0,0,Front
277,Videocon ,WM VS75Z20-LBA,10 295,,Luminous Blue,,,"7,5",0,0,0,semi automatic,1,0,No,,,0,0,0,Top
278,Videocon ,WM VS80P21-DMK,11 795,,Dark maroon,,,8,0,0,0,semi automatic,1,0,No,,,0,0,0,Top
279,Samsung ,WA75K4020HL/TL,27 500,,Tender Blue,,,"7,5",0,0,0,Fully Automatic,3,10,No,,,0,0,0,Top
280,Samsung ,WA75K4400HA/TL,28 290,,Inox,,,"7,5",0,0,0,Fully Automatic,3,10,No,,,0,0,0,Top
281,Samsung ,WA70K4020HL/TL,25 300,,Tender Blue,,,7,0,0,0,Fully Automatic,3,10,No,,,0,0,0,Top
282,Lloyd ,LWMS65LT ,9 490,,Red,,,"6,5",0,0,0,semi automatic,0,0,No,,,1320,0,0,Top
283,Samsung ,WA70H4020HP/TL,29 990,,Lily Pattern Red,,,7,0,0,0,Fully Automatic,10,0,No,,,650,0,0,Top
284,Videocon ,VT70C40 ,18 700,,Choco Brown,,,7,0,0,0,Fully Automatic,1,10,Yes,,,0,0,0,Front
285,LG ,T7248TDDLL ,19 990,,Cool Grey,,,"6,2",85,54,0,Fully Automatic,2,0,No,,,0,0,0,Top
286,Samsung ,WA65K4000HA ,20 550,31,Sparkling Black,,,"6,5","98,2",54,0,Fully Automatic,3,10,Yes,,,0,0,0,Top
287,Bosch ,WAB16260IN ,29 900,65,White,,,6,85,60,0,Fully Automatic,2,0,No,59,73,800,0,55,Front
288,Godrej ,GB58615 ,11 648,,Wine Red,,,7,"97,5",82,0,semi automatic,2,0,No,,,0,0,0,Top
289,Siemens ,WM12S460IN ,63 300,,White,,,8,85,60,0,Fully Automatic,2,0,Yes,50,67,1200,0,0,Front
290,Samsung ,WA75K4020HP/TL,27 700,,Scarlet Red,,,"7,5",0,0,0,Fully Automatic,3,10,No,,,0,0,0,Top
291,Samsung ,WA75H4020HP/TL,25 900,,Lily Pattern Red,,,"7,5",0,0,0,Fully Automatic,10,0,No,,,680,0,0,Top
292,Lloyd ,LWMT72UV ,16 500,,Grey,,,"7,2",0,0,0,Fully Automatic,2,0,No,,,1000,0,0,Top
293,LG ,T8008TEDLH ,21 490,,Silver,,,7,89,54,0,Fully Automatic,2,0,No,,,700,0,0,Top
294,LG ,FH0B8NDL2 ,25 681,,Blue & White,,,6,85,60,0,Fully Automatic,10,0,No,,,1000,0,0,Front
295,LG ,T8068TEELX ,30 890,,Florid Red Pattern and Burgundy,,,7,0,0,0,Fully Automatic,2,0,No,,,0,0,0,Top
296,LG ,T9003TEELK fully,30 590,,Black Knight,,,8,96,59,0,Fully Automatic,2,0,No,,,0,0,0,Top
297,Haier,XPB 65-113S,8 600,24,Ruby Red,,621,"6,5","92,6",81,24,semi automatic,1,4,No,53,53,800,0,621,Top
298,Videocon ,WM VF60C35-GWG,24 499,,Glossy White,,,6,0,0,0,Fully Automatic,1,0,Yes,,,800,0,0,Front
299,Lloyd ,LWMS75L ,11 490,,Black,,,"7,5",0,0,0,semi automatic,0,0,No,,,1320,0,0,Top
300,SIEMENS ,WM14W540IN ,74 250,,White,,,9,"84,5",60,0,Fully Automatic,0,0,No,71,1400,1400,"1,01",0,Front
301,Godrej ,GWF650FDC ,22 000,,Carmine Red,,,"6,5",0,0,0,Fully Automatic,2,0,No,,,0,0,0,Top
302,LG ,F80E3MDL2,29 490,,Blue White,,,"5,5",0,0,0,Fully Automatic,2,0,No,,,800,0,0,Front
303,Whirlpool ,360H ,28 900,44,Silver,,,8,"103,5","66,5",0,Fully Automatic,2,0,No,,,740,0,0,Top
304,Panasonic ,NA-107VC4W01,34 990,,White,,,7,"84,5","59,7",0,Fully Automatic,2,0,Yes,,,1000,0,50,Front
305,Godrej,WI EON 550 SD,39 900,86,Silver,,,"5,5","99,8","59,6",0,Fully Automatic,2,0,Yes,,,1100,0,0,Front
306,IFB ,Elena Steam,25 890,64,Silver,,,6,"87,5","59,8",0,Fully Automatic,4,0,Yes,,,800,0,45,Front
307,LG ,T8568TEELX ,32 080,,Florid Red Pattern and Burgundy,,,"7,5",0,0,0,Fully Automatic,2,0,No,,,0,0,0,Top
308,IFB ,AW6501SB ,20 900,36,Silver and Black,,,"6,5",97,57,36,Fully Automatic,2,0,No,,,800,0,0,Top
309,IFB ,Elena Aqua Steam VX,28 100,,White,,,6,0,0,0,Fully Automatic,0,0,No,,,0,0,0,Front
310,Videocon ,VT62G14,13 899,,,,,"6,2",0,0,0,Fully Automatic,10,0,No,,,0,0,0,Top
311,Videocon ,VT60H12 ,13 990,35,Dark maroon,,,6,"93,5",58,0,Fully Automatic,1,0,Yes,,,0,0,0,Top
312,Haier ,XPB 72-714D,8 155,,Blue ,,,"7,2","95,8","78,6",0,semi automatic,2,0,No,53,70,800,0,0,Top
313,Whirlpool ,Ace 7.0 Stainfree ,11 999,,Flora Purple,,,7,"95,6",84,0,semi automatic,2,0,No,,,0,0,0,Top
314,Panasonic ,NA-F62H3RRB,19 290,,White,,,"6,2",0,0,0,Fully Automatic,2,0,Yes,,,720,0,0,Top
315,IFB ,TL85SCH ,31 990,53,Champagne Gold,,,"8,5",108,68,53,Fully Automatic,2,0,No,,,720,0,133,Top
316,Whirlpool , BLOOM WASH 8013H,31 700,,Metallic Wine,,,8,0,0,0,Fully Automatic,2,0,No,,,740,0,0,Top
317,Siemens ,WM07X060IN ,22 900,,White,,,"5,5",85,60,0,Fully Automatic,2,0,No,55,67,700,0,0,Front
318,Samsung ,WT9205EG/XTL,13 475,,Light Grey ,,,"7,2",102,82,0,semi automatic,2,0,No,,,680,0,0,Top
319,LG ,T7568TEELJ ,26 690,,Middle Free Silver and Deep Brown,,,"6,5",0,0,0,Fully Automatic,2,0,No,,,0,0,0,Top
